accuracy,auc
0.934640522875817,0.9790017211703959
