accuracy,auc
0.9477124183006536,0.9741824440619622
