image,class_1
promise_40.nii.gz,1.6765671652602159
promise_20.nii.gz,1.635972049008839
promise_44.nii.gz,1.7549557214513296
promise_45.nii.gz,1.9300571487239016
promise_41.nii.gz,1.5791264551095614
promise_48.nii.gz,1.403909575234541
promise_10.nii.gz,1.7250145489998383
promise_31.nii.gz,1.9282811049556199
promise_15.nii.gz,1.1834397326807118
promise_09.nii.gz,20.0
mean,3.481732350142456
std,5.510233623700689
