image,class_1
promise_40.nii.gz,0.8500577335665506
promise_20.nii.gz,0.8525248159296471
promise_44.nii.gz,0.8474038080071922
promise_45.nii.gz,0.805747645723017
promise_41.nii.gz,0.840274762180673
promise_48.nii.gz,0.8878296526145506
promise_10.nii.gz,0.854867788479709
promise_31.nii.gz,0.8529438799108467
promise_15.nii.gz,0.908186046522304
promise_09.nii.gz,1.707825255028209e-10
mean,0.7699836133105273
std,0.2579513148043499
