accuracy,auc
0.8796992481203008,0.9433876811594202
